username,password,UserType
moorekayla,DUrW7DMq(y, Customer
andrea76,Fm)5W#xr)+,PlatformAdmin
asmith,i)U+z8Ygb&,Customer
rebecca42,56aCsUmt$!,Driver
anita93,4o0Oj1$i)),RestaurantAdmin
josephhector,)8U5Wg2deN,Driver
scooper,5*1ZKadE#$,Customer
martha09,_yck9VFS^6,PlatformAdmin
millergary,zg508WtPy^,Driver
sdavis,)*(VS1ldc0,RestaurantAdmin
zjohnson,utx@9Yg&$M,RestaurantAdmin
ltaylor,$2(4NAf8Fn,Customer
fergusonwilliam,^iP_CLz+1Q,Customer
ngarza,%3vm%Uawno,RestaurantAdmin
njenkins,u(8SgJu_r$,PlatformAdmin
dhuerta,!kK8gBJxld,Driver
courtney58,#W+TSEHeE8,PlatformAdmin
whitesusan,Z!S7CTi02c,RestaurantAdmin
robertsdeborah,(@$247Qa_t,PlatformAdmin
audrey85,ZR$2Ff_V@8,Driver
jaredjones,4$72Ht*^6J,PlatformAdmin
ricardogarcia,cj3HRgFH)0,PlatformAdmin
joycechristine,Ea)D6VcTz&,PlatformAdmin
gutierreztara,!41vUqoxK5,RestaurantAdmin
john68,W0R8+C0b1%,RestaurantAdmin
johnsonvalerie,l2NBoLl@@c,Customer
debbiekirby,(64QVogQ%!,Driver
hayesmargaret,%0vkUsk8e7,Customer
opatterson,!4ETib7T^P,Customer
ross91,#3i0ZbGosx,Driver
villegasdustin,)oV@6OzjWG,Driver
xreed,D!4iEdZi#%,RestaurantAdmin
ashlee59,n!IL98Bw)Q,Driver
john04,p$5Kfbn9&6,Customer
heathergrant,kyo65Tlm1&,RestaurantAdmin
rtaylor,qJ)_4Res$1,PlatformAdmin
angela12,#C6zQpSC%!,PlatformAdmin
charlesjackson,^P0hMTxd_y,PlatformAdmin
martinkeith,JAHB1Cds_Y,Customer
marychen,H!Hku+pp#0,PlatformAdmin
ogreen,u0XBH30s$B,Customer
zhanganna,+1pUT!jcGK,Driver
christopher99,e8f1rKxo_O,RestaurantAdmin
merrittjesse,g3nDiNG+&c,PlatformAdmin
sweeneyerica,1BJ0MwWB+h,Customer
russolinda,K0r$2BJm#U,Driver
donaldgarcia,Ep7EDefo+&,Customer
cross,!9IY_sbOg8,RestaurantAdmin
melissa07,#UKChH2z70,RestaurantAdmin
gardnerkristin,2nbr_uYd+#,PlatformAdmin
jacksonalexandria,l+tEq#B(+2,Driver
mdyer,lj+5YofJ+5,PlatformAdmin
elong,#lpAf2^&(5,RestaurantAdmin
lhicks,A3*B4niV$Z,PlatformAdmin
christyanderson,EvrYG4ED)*,Driver
jonathanwilliams,0ZY+8BuT_T,Driver
ppatterson,)D5*fNNb%w,Customer
griffincynthia,5ijO@Ozt(V,RestaurantAdmin
smichael,#5tPUpy24b,Customer
fowlerelizabeth,r^8Z4lc2l$,RestaurantAdmin
hward,&bUXdsbKH3,Customer
susan44,572J@&bx+6,RestaurantAdmin
beckmegan,8cHP$VLm!(,Driver
ddelgado,(2%3NCw6HQ,Customer
samuelrivera,**0!NWt5H#,Driver
rthomas,Kj!1PYw@*w,Customer
randallallen,!nmIj!Nez8,RestaurantAdmin
michaeldouglas,A!@1ZTkKFb,Driver
wyatt39,2)jYT8TKZc,Customer
jademayo,+zL(C&uF4u,RestaurantAdmin
ronald97,U!+dA4Og7s,Customer
ohanson,^0NCmPO9Z7,Customer
ann03,W6f71X#h(9,PlatformAdmin
emily75,^00Q*yNj%d,PlatformAdmin
garciamitchell,L7Jdj)^x#I,RestaurantAdmin
tsmith,KN8pUs(+v!,Customer
eric56,28gZFjjo@1,RestaurantAdmin
wrightemily,%)9APKuI9l,RestaurantAdmin
vchavez,SQ6CC(dcG$,PlatformAdmin
mooreclinton,#Z8g0NMnGw,PlatformAdmin
nguyenolivia,W%14FnVy#2,Customer
kdavis,570^5Vti+V,RestaurantAdmin
higginsmichelle,dt7EIzCm&*,PlatformAdmin
irobertson,!6A7QxNwTx,PlatformAdmin
adam98,#sMBQ@v1a2,PlatformAdmin
opalmer,o#Iw@B!o_3,PlatformAdmin
jessica10,mB6!KMc&#&,Driver
jeremymcbride,$hW1Wh0zl+,PlatformAdmin
qwagner,$G9KhMSw!1,Customer
dpatel,W2z6LdS5**,Customer
ywhitehead,tg0qvTze(T,Driver
robin21,zIX*56Scyc,RestaurantAdmin
brooksdavid,e+7y7VvfeT,PlatformAdmin
courtneyyu,kWFN3Ws9$2,Customer
popemanuel,FH9Eqlde3#,RestaurantAdmin
lvillanueva,$T8b+@OpOL,PlatformAdmin
michaelcarroll,8eHPpcPE*x,RestaurantAdmin
madison68,@xTu1cSC^_,PlatformAdmin
pattersonemily,+6JJGXSK#d,RestaurantAdmin
qfitzgerald,Hf5sSFgw*G,PlatformAdmin
